sort,series,date,cfs
1,2025,2024-10-01T06:00:00.000Z,2532.146
2,2025,2024-10-02T06:00:00.000Z,2524.562
3,2025,2024-10-03T06:00:00.000Z,2521.114
4,2025,2024-10-04T06:00:00.000Z,2518.965
5,2025,2024-10-05T06:00:00.000Z,2511.988
6,2025,2024-10-06T06:00:00.000Z,2509.82
7,2025,2024-10-07T06:00:00.000Z,2456.261
8,2025,2024-10-08T06:00:00.000Z,2389.463
9,2025,2024-10-09T06:00:00.000Z,2324.537
10,2025,2024-10-10T06:00:00.000Z,2318.371
11,2025,2024-10-11T06:00:00.000Z,2314.923
12,2025,2024-10-12T06:00:00.000Z,2306.288
13,2025,2024-10-13T06:00:00.000Z,2298.054
14,2025,2024-10-14T06:00:00.000Z,2315.499
15,2025,2024-10-15T06:00:00.000Z,2318.665
16,2025,2024-10-16T06:00:00.000Z,2313.052
17,2025,2024-10-17T06:00:00.000Z,2317.274
18,2025,2024-10-18T06:00:00.000Z,2312.03
19,2025,2024-10-19T06:00:00.000Z,2315.066
20,2025,2024-10-20T06:00:00.000Z,2305.121
21,2025,2024-10-21T06:00:00.000Z,2317.662
22,2025,2024-10-22T06:00:00.000Z,2319.533
23,2025,2024-10-23T06:00:00.000Z,2323.76
24,2025,2024-10-24T06:00:00.000Z,2360.386
25,2025,2024-10-25T06:00:00.000Z,2296.507
26,2025,2024-10-26T06:00:00.000Z,2291.548
27,2025,2024-10-27T06:00:00.000Z,2288.729
28,2025,2024-10-28T06:00:00.000Z,2292.069
29,2025,2024-10-29T06:00:00.000Z,2308.235
30,2025,2024-10-30T06:00:00.000Z,2305.212
31,2025,2024-10-31T06:00:00.000Z,2298.015
32,2025,2024-11-01T06:00:00.000Z,2298.938
33,2025,2024-11-02T06:00:00.000Z,2297.875
34,2025,2024-11-03T06:00:00.000Z,2284.315
35,2025,2024-11-04T07:00:00.000Z,2297.072
36,2025,2024-11-05T07:00:00.000Z,2315.532
37,2025,2024-11-06T07:00:00.000Z,2320.399
38,2025,2024-11-07T07:00:00.000Z,2314.012
39,2025,2024-11-08T07:00:00.000Z,2304.302
40,2025,2024-11-09T07:00:00.000Z,2309.217
41,2025,2024-11-10T07:00:00.000Z,2309.345
42,2025,2024-11-11T07:00:00.000Z,2308.031
43,2025,2024-11-12T07:00:00.000Z,2284.734
44,2025,2024-11-13T07:00:00.000Z,2214.146
45,2025,2024-11-14T07:00:00.000Z,2215.671
46,2025,2024-11-15T07:00:00.000Z,2207.977
47,2025,2024-11-16T07:00:00.000Z,2208.252
48,2025,2024-11-17T07:00:00.000Z,2202.62
49,2025,2024-11-18T07:00:00.000Z,2194.986
50,2025,2024-11-19T07:00:00.000Z,2200.106
51,2025,2024-11-20T07:00:00.000Z,2211.492
52,2025,2024-11-21T07:00:00.000Z,2184.79
53,2025,2024-11-22T07:00:00.000Z,2186.9
54,2025,2024-11-23T07:00:00.000Z,2177.198
55,2025,2024-11-24T07:00:00.000Z,2174.513
56,2025,2024-11-25T07:00:00.000Z,2198.428
57,2025,2024-11-26T07:00:00.000Z,2217.766
58,2025,2024-11-27T07:00:00.000Z,2214.485
59,2025,2024-11-28T07:00:00.000Z,2199.373
60,2025,2024-11-29T07:00:00.000Z,2200.445
61,2025,2024-11-30T07:00:00.000Z,2200.3
62,2025,2024-12-01T07:00:00.000Z,2204.121
63,2025,2024-12-02T07:00:00.000Z,2198.345
64,2025,2024-12-03T07:00:00.000Z,2158.655
65,2025,2024-12-04T07:00:00.000Z,2159.433
66,2025,2024-12-05T07:00:00.000Z,2159.609
67,2025,2024-12-06T07:00:00.000Z,2157.728
68,2025,2024-12-07T07:00:00.000Z,2154.195
69,2025,2024-12-08T07:00:00.000Z,2158.79
70,2025,2024-12-09T07:00:00.000Z,2146.098
71,2025,2024-12-10T07:00:00.000Z,2184.979
72,2025,2024-12-11T07:00:00.000Z,2193.497
73,2025,2024-12-12T07:00:00.000Z,2194.815
74,2025,2024-12-13T07:00:00.000Z,2194.304
75,2025,2024-12-14T07:00:00.000Z,2195.701
76,2025,2024-12-15T07:00:00.000Z,2192.419
77,2025,2024-12-16T07:00:00.000Z,2193.074
78,2025,2024-12-17T07:00:00.000Z,2171.193
79,2025,2024-12-18T07:00:00.000Z,2169.445
80,2025,2024-12-19T07:00:00.000Z,2174.589
81,2025,2024-12-20T07:00:00.000Z,2170.301
82,2025,2024-12-21T07:00:00.000Z,2167.319
83,2025,2024-12-22T07:00:00.000Z,2165.542
84,2025,2024-12-23T07:00:00.000Z,2168.895
85,2025,2024-12-24T07:00:00.000Z,2164.318
86,2025,2024-12-25T07:00:00.000Z,2164.198
87,2025,2024-12-26T07:00:00.000Z,2163.982
88,2025,2024-12-27T07:00:00.000Z,2165.086
89,2025,2024-12-28T07:00:00.000Z,2166.362
90,2025,2024-12-29T07:00:00.000Z,2162.576
91,2025,2024-12-30T07:00:00.000Z,2167.482
92,2025,2024-12-31T07:00:00.000Z,2161.906
93,2025,2025-01-01T07:00:00.000Z,2163.279
94,2025,2025-01-02T07:00:00.000Z,2165.63
95,2025,2025-01-03T07:00:00.000Z,2165.988
96,2025,2025-01-04T07:00:00.000Z,2166.202
97,2025,2025-01-05T07:00:00.000Z,2165.297
98,2025,2025-01-06T07:00:00.000Z,2165.777
99,2025,2025-01-07T07:00:00.000Z,2166.535
100,2025,2025-01-08T07:00:00.000Z,2168.522
101,2025,2025-01-09T07:00:00.000Z,2160.564
102,2025,2025-01-10T07:00:00.000Z,2164.594
103,2025,2025-01-11T07:00:00.000Z,2163.902
104,2025,2025-01-12T07:00:00.000Z,2172.075
105,2025,2025-01-13T07:00:00.000Z,2181.143
106,2025,2025-01-14T07:00:00.000Z,2265.749
107,2025,2025-01-15T07:00:00.000Z,2298.851
108,2025,2025-01-16T07:00:00.000Z,2301.378
109,2025,2025-01-17T07:00:00.000Z,2295.893
110,2025,2025-01-18T07:00:00.000Z,2298.506
111,2025,2025-01-19T07:00:00.000Z,2296.651
112,2025,2025-01-20T07:00:00.000Z,2302.459
113,2025,2025-01-21T07:00:00.000Z,2298.443
114,2025,2025-01-22T07:00:00.000Z,2296.082
115,2025,2025-01-23T07:00:00.000Z,2301.444
116,2025,2025-01-24T07:00:00.000Z,2294.426
117,2025,2025-01-25T07:00:00.000Z,2298.364
118,2025,2025-01-26T07:00:00.000Z,2297.147
119,2025,2025-01-27T07:00:00.000Z,2297.775
120,2025,2025-01-28T07:00:00.000Z,2293.018
121,2025,2025-01-29T07:00:00.000Z,2294.858
122,2025,2025-01-30T07:00:00.000Z,2294.075
123,2025,2025-01-31T07:00:00.000Z,2292.941
124,2025,2025-02-01T07:00:00.000Z,2296.609
125,2025,2025-02-02T07:00:00.000Z,2291.464
126,2025,2025-02-03T07:00:00.000Z,2188.522
127,2025,2025-02-04T07:00:00.000Z,2293.672
128,2025,2025-02-05T07:00:00.000Z,2284.166
129,2025,2025-02-06T07:00:00.000Z,2267.243
130,2025,2025-02-07T07:00:00.000Z,2261.995
131,2025,2025-02-08T07:00:00.000Z,2261.083
132,2025,2025-02-09T07:00:00.000Z,2258.384
133,2025,2025-02-10T07:00:00.000Z,2262.266
134,2025,2025-02-11T07:00:00.000Z,2260.079
135,2025,2025-02-12T07:00:00.000Z,2262.077
136,2025,2025-02-13T07:00:00.000Z,2257.969
137,2025,2025-02-14T07:00:00.000Z,2262.336
138,2025,2025-02-15T07:00:00.000Z,2263.676
139,2025,2025-02-16T07:00:00.000Z,2265.481
140,2025,2025-02-17T07:00:00.000Z,2264.445
141,2025,2025-02-18T07:00:00.000Z,2263.591
142,2025,2025-02-19T07:00:00.000Z,2262.316
143,2025,2025-02-20T07:00:00.000Z,2265
144,2025,2025-02-21T07:00:00.000Z,2266.424
145,2025,2025-02-22T07:00:00.000Z,2267.101
146,2025,2025-02-23T07:00:00.000Z,2261.539
147,2025,2025-02-24T07:00:00.000Z,2263.181
148,2025,2025-02-25T07:00:00.000Z,2263.379
149,2025,2025-02-26T07:00:00.000Z,2271.543
150,2025,2025-02-27T07:00:00.000Z,2268.271
151,2025,2025-02-28T07:00:00.000Z,2267.289
152,2025,2025-03-01T07:00:00.000Z,2266.856
153,2025,2025-03-02T07:00:00.000Z,2268.114
154,2025,2025-03-03T07:00:00.000Z,2269.051
155,2025,2025-03-04T07:00:00.000Z,2272.036
156,2025,2025-03-05T07:00:00.000Z,2269.708
157,2025,2025-03-06T07:00:00.000Z,2275.075
158,2025,2025-03-07T07:00:00.000Z,2270.929
159,2025,2025-03-08T07:00:00.000Z,2279.469
160,2025,2025-03-09T07:00:00.000Z,2269.446
161,2025,2025-03-10T06:00:00.000Z,2267.231
162,2025,2025-03-11T06:00:00.000Z,2270.744
163,2025,2025-03-12T06:00:00.000Z,2271.665
164,2025,2025-03-13T06:00:00.000Z,2274.635
165,2025,2025-03-14T06:00:00.000Z,2267.868
166,2025,2025-03-15T06:00:00.000Z,2269.899
167,2025,2025-03-16T06:00:00.000Z,2268.774
168,2025,2025-03-17T06:00:00.000Z,2269.753
169,2025,2025-03-18T06:00:00.000Z,2276.94
170,2025,2025-03-19T06:00:00.000Z,2273.356
171,2025,2025-03-20T06:00:00.000Z,2268.135
172,2025,2025-03-21T06:00:00.000Z,2268.206
173,2025,2025-03-22T06:00:00.000Z,2270.724
174,2025,2025-03-23T06:00:00.000Z,2272.606
175,2025,2025-03-24T06:00:00.000Z,2271.484
176,2025,2025-03-25T06:00:00.000Z,2270.48
177,2025,2025-03-26T06:00:00.000Z,2270.819
178,2025,2025-03-27T06:00:00.000Z,2269.808
179,2025,2025-03-28T06:00:00.000Z,2272.053
180,2025,2025-03-29T06:00:00.000Z,2282.917
181,2025,2025-03-30T06:00:00.000Z,2273.745
182,2025,2025-03-31T06:00:00.000Z,2288.584
183,2025,2025-04-01T06:00:00.000Z,2275.033
184,2025,2025-04-02T06:00:00.000Z,2267.855
185,2025,2025-04-03T06:00:00.000Z,2273.154
186,2025,2025-04-04T06:00:00.000Z,2270.242
187,2025,2025-04-05T06:00:00.000Z,2267.56
188,2025,2025-04-06T06:00:00.000Z,2264.869
189,2025,2025-04-07T06:00:00.000Z,2272.464
190,2025,2025-04-08T06:00:00.000Z,2275.525
191,2025,2025-04-09T06:00:00.000Z,2277.059
192,2025,2025-04-10T06:00:00.000Z,2184.905
193,2025,2025-04-11T06:00:00.000Z,1991.364
194,2025,2025-04-12T06:00:00.000Z,1991.26
195,2025,2025-04-13T06:00:00.000Z,1985.667
196,2025,2025-04-14T06:00:00.000Z,2069.001
197,2025,2025-04-15T06:00:00.000Z,2266.44
198,2025,2025-04-16T06:00:00.000Z,2185.883
199,2025,2025-04-17T06:00:00.000Z,2006.753
200,2025,2025-04-18T06:00:00.000Z,2007.448
201,2025,2025-04-19T06:00:00.000Z,2006.762
202,2025,2025-04-20T06:00:00.000Z,2007.25
203,2025,2025-04-21T06:00:00.000Z,2008.027
204,2025,2025-04-22T06:00:00.000Z,2003.859
205,2025,2025-04-23T06:00:00.000Z,2027.124
206,2025,2025-04-24T06:00:00.000Z,2038.284
207,2025,2025-04-25T06:00:00.000Z,2020.919
208,2025,2025-04-26T06:00:00.000Z,2021.332
209,2025,2025-04-27T06:00:00.000Z,2021.454
210,2025,2025-04-28T06:00:00.000Z,2037.762
211,2025,2025-04-29T06:00:00.000Z,2002.754
212,2025,2025-04-30T06:00:00.000Z,2012.994
213,2025,2025-05-01T06:00:00.000Z,2032.658
214,2025,2025-05-02T06:00:00.000Z,2033.063
215,2025,2025-05-03T06:00:00.000Z,2040.705
216,2025,2025-05-04T06:00:00.000Z,2047.417
217,2025,2025-05-05T06:00:00.000Z,2043.125
218,2025,2025-05-06T06:00:00.000Z,2011.666
219,2025,2025-05-07T06:00:00.000Z,2003.544
220,2025,2025-05-08T06:00:00.000Z,2004.686
221,2025,2025-05-09T06:00:00.000Z,2005.247
222,2025,2025-05-10T06:00:00.000Z,2001.952
223,2025,2025-05-11T06:00:00.000Z,2003.122
224,2025,2025-05-12T06:00:00.000Z,2073.671
225,2025,2025-05-13T06:00:00.000Z,2304.335
226,2025,2025-05-14T06:00:00.000Z,2578.059
227,2025,2025-05-15T06:00:00.000Z,2840.102
228,2025,2025-05-16T06:00:00.000Z,3011.678
229,2025,2025-05-17T06:00:00.000Z,3012.147
230,2025,2025-05-18T06:00:00.000Z,3010.303
231,2025,2025-05-19T06:00:00.000Z,3018.144
232,2025,2025-05-20T06:00:00.000Z,3106.109
233,2025,2025-05-21T06:00:00.000Z,3343.853
234,2025,2025-05-22T06:00:00.000Z,3504.154
235,2025,2025-05-23T06:00:00.000Z,3522.742
236,2025,2025-05-24T06:00:00.000Z,3510.084
237,2025,2025-05-25T06:00:00.000Z,3510.672
238,2025,2025-05-26T06:00:00.000Z,3507.237
239,2025,2025-05-27T06:00:00.000Z,3521.964
240,2025,2025-05-28T06:00:00.000Z,3503.578
241,2025,2025-05-29T06:00:00.000Z,3508.073
242,2025,2025-05-30T06:00:00.000Z,3505.514
243,2025,2025-05-31T06:00:00.000Z,3507.134
244,2025,2025-06-01T06:00:00.000Z,3503.986
245,2025,2025-06-02T06:00:00.000Z,3514.165
246,2025,2025-06-03T06:00:00.000Z,3530.979
247,2025,2025-06-04T06:00:00.000Z,3454.442
248,2025,2025-06-05T06:00:00.000Z,3213.725
249,2025,2025-06-06T06:00:00.000Z,3044.163
250,2025,2025-06-07T06:00:00.000Z,3043.404
251,2025,2025-06-08T06:00:00.000Z,3043.974
252,2025,2025-06-09T06:00:00.000Z,3047.737
253,2025,2025-06-10T06:00:00.000Z,2965.203
254,2025,2025-06-11T06:00:00.000Z,2703.001
255,2025,2025-06-12T06:00:00.000Z,2544.492
256,2025,2025-06-13T06:00:00.000Z,2545.912
257,2025,2025-06-14T06:00:00.000Z,2543.455
258,2025,2025-06-15T06:00:00.000Z,2544.568
259,2025,2025-06-16T06:00:00.000Z,2543.823
260,2025,2025-06-17T06:00:00.000Z,2544.048
261,2025,2025-06-18T06:00:00.000Z,2456.306
262,2025,2025-06-19T06:00:00.000Z,2287.827
263,2025,2025-06-20T06:00:00.000Z,2288.106
264,2025,2025-06-21T06:00:00.000Z,2288.047
265,2025,2025-06-22T06:00:00.000Z,2286.375
266,2025,2025-06-23T06:00:00.000Z,2285.931
267,2025,2025-06-24T06:00:00.000Z,2286.526
268,2025,2025-06-25T06:00:00.000Z,2283.376
269,2025,2025-06-26T06:00:00.000Z,2290.257
270,2025,2025-06-27T06:00:00.000Z,2288.917
271,2025,2025-06-28T06:00:00.000Z,2285.091
272,2025,2025-06-29T06:00:00.000Z,2287.2
273,2025,2025-06-30T06:00:00.000Z,2285.802
274,2025,2025-07-01T06:00:00.000Z,2285.88
275,2025,2025-07-02T06:00:00.000Z,2286.636
276,2025,2025-07-03T06:00:00.000Z,2282.628
277,2025,2025-07-04T06:00:00.000Z,2286.41
278,2025,2025-07-05T06:00:00.000Z,2286.911
279,2025,2025-07-06T06:00:00.000Z,2285.992
280,2025,2025-07-07T06:00:00.000Z,2288.545
281,2025,2025-07-08T06:00:00.000Z,2287.057
282,2025,2025-07-09T06:00:00.000Z,2238.155
283,2025,2025-07-10T06:00:00.000Z,2159.518
284,2025,2025-07-11T06:00:00.000Z,2161.276
285,2025,2025-07-12T06:00:00.000Z,2161.411
286,2025,2025-07-13T06:00:00.000Z,2162.305
287,2025,2025-07-14T06:00:00.000Z,2110.738
288,2025,2025-07-15T06:00:00.000Z,2018.594
289,2025,2025-07-16T06:00:00.000Z,2016.832
290,2025,2025-07-17T06:00:00.000Z,2025.778
291,2025,2025-07-18T06:00:00.000Z,2025.798
292,2025,2025-07-19T06:00:00.000Z,2027.823
293,2025,2025-07-20T06:00:00.000Z,2024.236
294,2025,2025-07-21T06:00:00.000Z,2027.943
295,2025,2025-07-22T06:00:00.000Z,2029.094
296,2025,2025-07-23T06:00:00.000Z,2028.352
297,2025,2025-07-24T06:00:00.000Z,2026.661
298,2025,2025-07-25T06:00:00.000Z,2029.332
299,2025,2025-07-26T06:00:00.000Z,2028.002
300,2025,2025-07-27T06:00:00.000Z,2028.79
301,2025,2025-07-28T06:00:00.000Z,1996.743
302,2025,2025-07-29T06:00:00.000Z,1791.692
303,2025,2025-07-30T06:00:00.000Z,2007.62
304,2025,2025-07-31T06:00:00.000Z,2003.357
305,2025,2025-08-01T06:00:00.000Z,2007.992
306,2025,2025-08-02T06:00:00.000Z,2005.972
307,2025,2025-08-03T06:00:00.000Z,2004.944
308,2025,2025-08-04T06:00:00.000Z,2006.15
309,2025,2025-08-05T06:00:00.000Z,2008.97
310,2025,2025-08-06T06:00:00.000Z,2007.221
311,2025,2025-08-07T06:00:00.000Z,2006.65
312,2025,2025-08-08T06:00:00.000Z,2009.333
313,2025,2025-08-09T06:00:00.000Z,2011.184
314,2025,2025-08-10T06:00:00.000Z,2007.964
315,2025,2025-08-11T06:00:00.000Z,2018.469
316,2025,2025-08-12T06:00:00.000Z,2011.553
317,2025,2025-08-13T06:00:00.000Z,2015.16
318,2025,2025-08-14T06:00:00.000Z,2012.22
319,2025,2025-08-15T06:00:00.000Z,2013.225
320,2025,2025-08-16T06:00:00.000Z,2016.189
321,2025,2025-08-17T06:00:00.000Z,2014.902
322,2025,2025-08-18T06:00:00.000Z,2036.054
323,2025,2025-08-19T06:00:00.000Z,2031.522
324,2025,2025-08-20T06:00:00.000Z,2013.105
325,2025,2025-08-21T06:00:00.000Z,2030.104
326,2025,2025-08-22T06:00:00.000Z,2049.188
327,2025,2025-08-23T06:00:00.000Z,2026.404
328,2025,2025-08-24T06:00:00.000Z,2062.601
329,2025,2025-08-25T06:00:00.000Z,2031.924
330,2025,2025-08-26T06:00:00.000Z,1990.241
331,2025,2025-08-27T06:00:00.000Z,2000.594
332,2025,2025-08-28T06:00:00.000Z,2025.564
333,2025,2025-08-29T06:00:00.000Z,2006.584
334,2025,2025-08-30T06:00:00.000Z,2006.976
335,2025,2025-08-31T06:00:00.000Z,2010.325
336,2025,2025-09-01T06:00:00.000Z,2011.121
337,2025,2025-09-02T06:00:00.000Z,2006.062
338,2025,2025-09-03T06:00:00.000Z,2002.96
339,2025,2025-09-04T06:00:00.000Z,2003.342
340,2025,2025-09-05T06:00:00.000Z,1998.938
341,2025,2025-09-06T06:00:00.000Z,1999.742
342,2025,2025-09-07T06:00:00.000Z,1998.267
343,2025,2025-09-08T06:00:00.000Z,1998.724
344,2025,2025-09-09T06:00:00.000Z,1992.57
345,2025,2025-09-10T06:00:00.000Z,1994.57
346,2025,2025-09-11T06:00:00.000Z,1995.811
347,2025,2025-09-12T06:00:00.000Z,1994.452
348,2025,2025-09-13T06:00:00.000Z,1997.648
349,2025,2025-09-14T06:00:00.000Z,2000.257
350,2025,2025-09-15T06:00:00.000Z,1999.63
351,2025,2025-09-16T06:00:00.000Z,2002.435
352,2025,2025-09-17T06:00:00.000Z,2004.595
353,2025,2025-09-18T06:00:00.000Z,2003.313
354,2025,2025-09-19T06:00:00.000Z,2002.572
355,2025,2025-09-20T06:00:00.000Z,2002.968
356,2025,2025-09-21T06:00:00.000Z,2004.37
357,2025,2025-09-22T06:00:00.000Z,2005.642
358,2025,2025-09-23T06:00:00.000Z,2016.875
359,2025,2025-09-24T06:00:00.000Z,2002.702
360,2025,2025-09-25T06:00:00.000Z,1994.371
361,2025,2025-09-26T06:00:00.000Z,1978.996
362,2025,2025-09-27T06:00:00.000Z,1993.398
363,2025,2025-09-28T06:00:00.000Z,1994.867
364,2025,2025-09-29T06:00:00.000Z,2000.267
365,2025,2025-09-30T06:00:00.000Z,1994.863
1,Average,2024-10-01T06:00:00.000Z,2672.35
2,Average,2024-10-02T06:00:00.000Z,2677.123
3,Average,2024-10-03T06:00:00.000Z,2686.669
4,Average,2024-10-04T06:00:00.000Z,2696.732
5,Average,2024-10-05T06:00:00.000Z,2701.965
6,Average,2024-10-06T06:00:00.000Z,2689.592
7,Average,2024-10-07T06:00:00.000Z,2673.497
8,Average,2024-10-08T06:00:00.000Z,2659.681
9,Average,2024-10-09T06:00:00.000Z,2655.498
10,Average,2024-10-10T06:00:00.000Z,2668.236
11,Average,2024-10-11T06:00:00.000Z,2691.9
12,Average,2024-10-12T06:00:00.000Z,2716.844
13,Average,2024-10-13T06:00:00.000Z,2727.455
14,Average,2024-10-14T06:00:00.000Z,2713.074
15,Average,2024-10-15T06:00:00.000Z,2709.517
16,Average,2024-10-16T06:00:00.000Z,2626.39
17,Average,2024-10-17T06:00:00.000Z,2618.391
18,Average,2024-10-18T06:00:00.000Z,2562.504
19,Average,2024-10-19T06:00:00.000Z,2516.368
20,Average,2024-10-20T06:00:00.000Z,2497.765
21,Average,2024-10-21T06:00:00.000Z,2455.271
22,Average,2024-10-22T06:00:00.000Z,2563.714
23,Average,2024-10-23T06:00:00.000Z,2606.56
24,Average,2024-10-24T06:00:00.000Z,2600.303
25,Average,2024-10-25T06:00:00.000Z,2621.042
26,Average,2024-10-26T06:00:00.000Z,2627.761
27,Average,2024-10-27T06:00:00.000Z,2618.784
28,Average,2024-10-28T06:00:00.000Z,2620.843
29,Average,2024-10-29T06:00:00.000Z,2623.587
30,Average,2024-10-30T06:00:00.000Z,2631.613
31,Average,2024-10-31T06:00:00.000Z,2624.483
32,Average,2024-11-01T06:00:00.000Z,2614.595
33,Average,2024-11-02T06:00:00.000Z,2589.244
34,Average,2024-11-03T06:00:00.000Z,2580.506
35,Average,2024-11-04T07:00:00.000Z,2567.685
36,Average,2024-11-05T07:00:00.000Z,2555.131
37,Average,2024-11-06T07:00:00.000Z,2529.859
38,Average,2024-11-07T07:00:00.000Z,2496.405
39,Average,2024-11-08T07:00:00.000Z,2474.097
40,Average,2024-11-09T07:00:00.000Z,2467.626
41,Average,2024-11-10T07:00:00.000Z,2467.505
42,Average,2024-11-11T07:00:00.000Z,2468.258
43,Average,2024-11-12T07:00:00.000Z,2468.745
44,Average,2024-11-13T07:00:00.000Z,2466.968
45,Average,2024-11-14T07:00:00.000Z,2467.732
46,Average,2024-11-15T07:00:00.000Z,2450.135
47,Average,2024-11-16T07:00:00.000Z,2429.834
48,Average,2024-11-17T07:00:00.000Z,2419.725
49,Average,2024-11-18T07:00:00.000Z,2410.656
50,Average,2024-11-19T07:00:00.000Z,2402.636
51,Average,2024-11-20T07:00:00.000Z,2400.771
52,Average,2024-11-21T07:00:00.000Z,2390.004
53,Average,2024-11-22T07:00:00.000Z,2407.131
54,Average,2024-11-23T07:00:00.000Z,2409.066
55,Average,2024-11-24T07:00:00.000Z,2408.461
56,Average,2024-11-25T07:00:00.000Z,2406.107
57,Average,2024-11-26T07:00:00.000Z,2402.353
58,Average,2024-11-27T07:00:00.000Z,2404.045
59,Average,2024-11-28T07:00:00.000Z,2403.61
60,Average,2024-11-29T07:00:00.000Z,2403.857
61,Average,2024-11-30T07:00:00.000Z,2400.816
62,Average,2024-12-01T07:00:00.000Z,2395.628
63,Average,2024-12-02T07:00:00.000Z,2396.531
64,Average,2024-12-03T07:00:00.000Z,2408.935
65,Average,2024-12-04T07:00:00.000Z,2406.812
66,Average,2024-12-05T07:00:00.000Z,2413.667
67,Average,2024-12-06T07:00:00.000Z,2411.327
68,Average,2024-12-07T07:00:00.000Z,2416.196
69,Average,2024-12-08T07:00:00.000Z,2424.611
70,Average,2024-12-09T07:00:00.000Z,2419.696
71,Average,2024-12-10T07:00:00.000Z,2417.847
72,Average,2024-12-11T07:00:00.000Z,2418.213
73,Average,2024-12-12T07:00:00.000Z,2420.843
74,Average,2024-12-13T07:00:00.000Z,2421.827
75,Average,2024-12-14T07:00:00.000Z,2420.006
76,Average,2024-12-15T07:00:00.000Z,2419.772
77,Average,2024-12-16T07:00:00.000Z,2427.576
78,Average,2024-12-17T07:00:00.000Z,2432.886
79,Average,2024-12-18T07:00:00.000Z,2436.901
80,Average,2024-12-19T07:00:00.000Z,2439.358
81,Average,2024-12-20T07:00:00.000Z,2438.941
82,Average,2024-12-21T07:00:00.000Z,2438.391
83,Average,2024-12-22T07:00:00.000Z,2438.583
84,Average,2024-12-23T07:00:00.000Z,2436.095
85,Average,2024-12-24T07:00:00.000Z,2433.505
86,Average,2024-12-25T07:00:00.000Z,2433.684
87,Average,2024-12-26T07:00:00.000Z,2434.576
88,Average,2024-12-27T07:00:00.000Z,2435.566
89,Average,2024-12-28T07:00:00.000Z,2430.773
90,Average,2024-12-29T07:00:00.000Z,2421.928
91,Average,2024-12-30T07:00:00.000Z,2423.314
92,Average,2024-12-31T07:00:00.000Z,2422.771
93,Average,2025-01-01T07:00:00.000Z,2423.808
94,Average,2025-01-02T07:00:00.000Z,2422.296
95,Average,2025-01-03T07:00:00.000Z,2422.02
96,Average,2025-01-04T07:00:00.000Z,2424.271
97,Average,2025-01-05T07:00:00.000Z,2425.077
98,Average,2025-01-06T07:00:00.000Z,2427.572
99,Average,2025-01-07T07:00:00.000Z,2428.901
100,Average,2025-01-08T07:00:00.000Z,2439.872
101,Average,2025-01-09T07:00:00.000Z,2443.093
102,Average,2025-01-10T07:00:00.000Z,2445.087
103,Average,2025-01-11T07:00:00.000Z,2457.794
104,Average,2025-01-12T07:00:00.000Z,2466.931
105,Average,2025-01-13T07:00:00.000Z,2472.275
106,Average,2025-01-14T07:00:00.000Z,2486.66
107,Average,2025-01-15T07:00:00.000Z,2500.476
108,Average,2025-01-16T07:00:00.000Z,2500.407
109,Average,2025-01-17T07:00:00.000Z,2499.709
110,Average,2025-01-18T07:00:00.000Z,2499.161
111,Average,2025-01-19T07:00:00.000Z,2497.076
112,Average,2025-01-20T07:00:00.000Z,2499.456
113,Average,2025-01-21T07:00:00.000Z,2501.228
114,Average,2025-01-22T07:00:00.000Z,2506.807
115,Average,2025-01-23T07:00:00.000Z,2502.814
116,Average,2025-01-24T07:00:00.000Z,2490.654
117,Average,2025-01-25T07:00:00.000Z,2494.63
118,Average,2025-01-26T07:00:00.000Z,2505.202
119,Average,2025-01-27T07:00:00.000Z,2515.417
120,Average,2025-01-28T07:00:00.000Z,2514.75
121,Average,2025-01-29T07:00:00.000Z,2513.904
122,Average,2025-01-30T07:00:00.000Z,2514.004
123,Average,2025-01-31T07:00:00.000Z,2518.566
124,Average,2025-02-01T07:00:00.000Z,2528.083
125,Average,2025-02-02T07:00:00.000Z,2542.062
126,Average,2025-02-03T07:00:00.000Z,2546.335
127,Average,2025-02-04T07:00:00.000Z,2555.993
128,Average,2025-02-05T07:00:00.000Z,2553.074
129,Average,2025-02-06T07:00:00.000Z,2548.622
130,Average,2025-02-07T07:00:00.000Z,2547.503
131,Average,2025-02-08T07:00:00.000Z,2557.256
132,Average,2025-02-09T07:00:00.000Z,2559.379
133,Average,2025-02-10T07:00:00.000Z,2560.391
134,Average,2025-02-11T07:00:00.000Z,2566.063
135,Average,2025-02-12T07:00:00.000Z,2561.009
136,Average,2025-02-13T07:00:00.000Z,2562.505
137,Average,2025-02-14T07:00:00.000Z,2571.76
138,Average,2025-02-15T07:00:00.000Z,2583.416
139,Average,2025-02-16T07:00:00.000Z,2589.065
140,Average,2025-02-17T07:00:00.000Z,2593.215
141,Average,2025-02-18T07:00:00.000Z,2600.317
142,Average,2025-02-19T07:00:00.000Z,2610.741
143,Average,2025-02-20T07:00:00.000Z,2622.178
144,Average,2025-02-21T07:00:00.000Z,2629.864
145,Average,2025-02-22T07:00:00.000Z,2629.754
146,Average,2025-02-23T07:00:00.000Z,2641.317
147,Average,2025-02-24T07:00:00.000Z,2655.965
148,Average,2025-02-25T07:00:00.000Z,2650.22
149,Average,2025-02-26T07:00:00.000Z,2643.472
150,Average,2025-02-27T07:00:00.000Z,2651.544
151,Average,2025-02-28T07:00:00.000Z,2663.106
152,Average,2025-03-01T07:00:00.000Z,2679.908
153,Average,2025-03-02T07:00:00.000Z,2693.329
154,Average,2025-03-03T07:00:00.000Z,2699.283
155,Average,2025-03-04T07:00:00.000Z,2699.742
156,Average,2025-03-05T07:00:00.000Z,2684.207
157,Average,2025-03-06T07:00:00.000Z,2692.211
158,Average,2025-03-07T07:00:00.000Z,2703.399
159,Average,2025-03-08T07:00:00.000Z,2732.616
160,Average,2025-03-09T07:00:00.000Z,2747.692
161,Average,2025-03-10T06:00:00.000Z,2757.896
162,Average,2025-03-11T06:00:00.000Z,2783.509
163,Average,2025-03-12T06:00:00.000Z,2816.036
164,Average,2025-03-13T06:00:00.000Z,2866.046
165,Average,2025-03-14T06:00:00.000Z,2907.541
166,Average,2025-03-15T06:00:00.000Z,2950.216
167,Average,2025-03-16T06:00:00.000Z,2970.081
168,Average,2025-03-17T06:00:00.000Z,2984.858
169,Average,2025-03-18T06:00:00.000Z,2996.575
170,Average,2025-03-19T06:00:00.000Z,3021.408
171,Average,2025-03-20T06:00:00.000Z,3065.048
172,Average,2025-03-21T06:00:00.000Z,3095.164
173,Average,2025-03-22T06:00:00.000Z,3115.518
174,Average,2025-03-23T06:00:00.000Z,3124.701
175,Average,2025-03-24T06:00:00.000Z,3128.862
176,Average,2025-03-25T06:00:00.000Z,3159.615
177,Average,2025-03-26T06:00:00.000Z,3187.444
178,Average,2025-03-27T06:00:00.000Z,3206.71
179,Average,2025-03-28T06:00:00.000Z,3236.562
180,Average,2025-03-29T06:00:00.000Z,3271.951
181,Average,2025-03-30T06:00:00.000Z,3294.924
182,Average,2025-03-31T06:00:00.000Z,3298.552
183,Average,2025-04-01T06:00:00.000Z,3310.765
184,Average,2025-04-02T06:00:00.000Z,3322.112
185,Average,2025-04-03T06:00:00.000Z,3347.149
186,Average,2025-04-04T06:00:00.000Z,3371.179
187,Average,2025-04-05T06:00:00.000Z,3394.062
188,Average,2025-04-06T06:00:00.000Z,3412.626
189,Average,2025-04-07T06:00:00.000Z,3429.433
190,Average,2025-04-08T06:00:00.000Z,3434.265
191,Average,2025-04-09T06:00:00.000Z,3474.663
192,Average,2025-04-10T06:00:00.000Z,3556.936
193,Average,2025-04-11T06:00:00.000Z,3508.512
194,Average,2025-04-12T06:00:00.000Z,3454.981
195,Average,2025-04-13T06:00:00.000Z,3478.168
196,Average,2025-04-14T06:00:00.000Z,3486.715
197,Average,2025-04-15T06:00:00.000Z,3482.541
198,Average,2025-04-16T06:00:00.000Z,3499.261
199,Average,2025-04-17T06:00:00.000Z,3509.542
200,Average,2025-04-18T06:00:00.000Z,3558.356
201,Average,2025-04-19T06:00:00.000Z,3608.485
202,Average,2025-04-20T06:00:00.000Z,3636.203
203,Average,2025-04-21T06:00:00.000Z,3649.111
204,Average,2025-04-22T06:00:00.000Z,3658.11
205,Average,2025-04-23T06:00:00.000Z,3654.133
206,Average,2025-04-24T06:00:00.000Z,3654.764
207,Average,2025-04-25T06:00:00.000Z,3666.906
208,Average,2025-04-26T06:00:00.000Z,3681.601
209,Average,2025-04-27T06:00:00.000Z,3703.805
210,Average,2025-04-28T06:00:00.000Z,3730.453
211,Average,2025-04-29T06:00:00.000Z,3717.861
212,Average,2025-04-30T06:00:00.000Z,3713.806
213,Average,2025-05-01T06:00:00.000Z,3697.247
214,Average,2025-05-02T06:00:00.000Z,3723.7
215,Average,2025-05-03T06:00:00.000Z,3728.627
216,Average,2025-05-04T06:00:00.000Z,3728.925
217,Average,2025-05-05T06:00:00.000Z,3712.824
218,Average,2025-05-06T06:00:00.000Z,3687.472
219,Average,2025-05-07T06:00:00.000Z,3633.098
220,Average,2025-05-08T06:00:00.000Z,3609.886
221,Average,2025-05-09T06:00:00.000Z,3577.755
222,Average,2025-05-10T06:00:00.000Z,3585.224
223,Average,2025-05-11T06:00:00.000Z,3619.146
224,Average,2025-05-12T06:00:00.000Z,3642.81
225,Average,2025-05-13T06:00:00.000Z,3663.906
226,Average,2025-05-14T06:00:00.000Z,3712.072
227,Average,2025-05-15T06:00:00.000Z,3733.737
228,Average,2025-05-16T06:00:00.000Z,3747.118
229,Average,2025-05-17T06:00:00.000Z,3760.981
230,Average,2025-05-18T06:00:00.000Z,3753.604
231,Average,2025-05-19T06:00:00.000Z,3776.229
232,Average,2025-05-20T06:00:00.000Z,3796.175
233,Average,2025-05-21T06:00:00.000Z,3792.469
234,Average,2025-05-22T06:00:00.000Z,3708.523
235,Average,2025-05-23T06:00:00.000Z,3719.455
236,Average,2025-05-24T06:00:00.000Z,3762.556
237,Average,2025-05-25T06:00:00.000Z,3824.572
238,Average,2025-05-26T06:00:00.000Z,3966.381
239,Average,2025-05-27T06:00:00.000Z,4121.858
240,Average,2025-05-28T06:00:00.000Z,4268.759
241,Average,2025-05-29T06:00:00.000Z,4300.282
242,Average,2025-05-30T06:00:00.000Z,4429.705
243,Average,2025-05-31T06:00:00.000Z,4539.479
244,Average,2025-06-01T06:00:00.000Z,4698.604
245,Average,2025-06-02T06:00:00.000Z,4892.165
246,Average,2025-06-03T06:00:00.000Z,4993.85
247,Average,2025-06-04T06:00:00.000Z,5074.815
248,Average,2025-06-05T06:00:00.000Z,5108.929
249,Average,2025-06-06T06:00:00.000Z,5170.079
250,Average,2025-06-07T06:00:00.000Z,5248.34
251,Average,2025-06-08T06:00:00.000Z,5326.134
252,Average,2025-06-09T06:00:00.000Z,5439.934
253,Average,2025-06-10T06:00:00.000Z,5519.223
254,Average,2025-06-11T06:00:00.000Z,5596.201
255,Average,2025-06-12T06:00:00.000Z,5702.776
256,Average,2025-06-13T06:00:00.000Z,5812.024
257,Average,2025-06-14T06:00:00.000Z,5856.328
258,Average,2025-06-15T06:00:00.000Z,5902.853
259,Average,2025-06-16T06:00:00.000Z,5985.917
260,Average,2025-06-17T06:00:00.000Z,6035.932
261,Average,2025-06-18T06:00:00.000Z,6131.1
262,Average,2025-06-19T06:00:00.000Z,6174.539
263,Average,2025-06-20T06:00:00.000Z,6181.903
264,Average,2025-06-21T06:00:00.000Z,6249.345
265,Average,2025-06-22T06:00:00.000Z,6311.428
266,Average,2025-06-23T06:00:00.000Z,6300.029
267,Average,2025-06-24T06:00:00.000Z,6182.924
268,Average,2025-06-25T06:00:00.000Z,6072.299
269,Average,2025-06-26T06:00:00.000Z,5967.008
270,Average,2025-06-27T06:00:00.000Z,5886.556
271,Average,2025-06-28T06:00:00.000Z,5768.118
272,Average,2025-06-29T06:00:00.000Z,5654.346
273,Average,2025-06-30T06:00:00.000Z,5567.174
274,Average,2025-07-01T06:00:00.000Z,5503.219
275,Average,2025-07-02T06:00:00.000Z,5463.727
276,Average,2025-07-03T06:00:00.000Z,5416.408
277,Average,2025-07-04T06:00:00.000Z,5402.225
278,Average,2025-07-05T06:00:00.000Z,5384.032
279,Average,2025-07-06T06:00:00.000Z,5344.608
280,Average,2025-07-07T06:00:00.000Z,5323.701
281,Average,2025-07-08T06:00:00.000Z,5303.278
282,Average,2025-07-09T06:00:00.000Z,5249.01
283,Average,2025-07-10T06:00:00.000Z,5191.793
284,Average,2025-07-11T06:00:00.000Z,5192.42
285,Average,2025-07-12T06:00:00.000Z,5169.561
286,Average,2025-07-13T06:00:00.000Z,5103.304
287,Average,2025-07-14T06:00:00.000Z,4965.038
288,Average,2025-07-15T06:00:00.000Z,4883.86
289,Average,2025-07-16T06:00:00.000Z,4795.726
290,Average,2025-07-17T06:00:00.000Z,4679.987
291,Average,2025-07-18T06:00:00.000Z,4500.223
292,Average,2025-07-19T06:00:00.000Z,4389.29
293,Average,2025-07-20T06:00:00.000Z,4306.186
294,Average,2025-07-21T06:00:00.000Z,4175.578
295,Average,2025-07-22T06:00:00.000Z,4065.447
296,Average,2025-07-23T06:00:00.000Z,3999.272
297,Average,2025-07-24T06:00:00.000Z,3917.595
298,Average,2025-07-25T06:00:00.000Z,3823.089
299,Average,2025-07-26T06:00:00.000Z,3763.07
300,Average,2025-07-27T06:00:00.000Z,3713.636
301,Average,2025-07-28T06:00:00.000Z,3600.212
302,Average,2025-07-29T06:00:00.000Z,3526.808
303,Average,2025-07-30T06:00:00.000Z,3496.882
304,Average,2025-07-31T06:00:00.000Z,3410.888
305,Average,2025-08-01T06:00:00.000Z,3294.99
306,Average,2025-08-02T06:00:00.000Z,3220.916
307,Average,2025-08-03T06:00:00.000Z,3136.148
308,Average,2025-08-04T06:00:00.000Z,3084.926
309,Average,2025-08-05T06:00:00.000Z,3069.054
310,Average,2025-08-06T06:00:00.000Z,3053.953
311,Average,2025-08-07T06:00:00.000Z,3040.557
312,Average,2025-08-08T06:00:00.000Z,3017.777
313,Average,2025-08-09T06:00:00.000Z,2980.085
314,Average,2025-08-10T06:00:00.000Z,2983.103
315,Average,2025-08-11T06:00:00.000Z,2966.451
316,Average,2025-08-12T06:00:00.000Z,2909.331
317,Average,2025-08-13T06:00:00.000Z,2878.229
318,Average,2025-08-14T06:00:00.000Z,2894.768
319,Average,2025-08-15T06:00:00.000Z,2872.329
320,Average,2025-08-16T06:00:00.000Z,2847.617
321,Average,2025-08-17T06:00:00.000Z,2840.641
322,Average,2025-08-18T06:00:00.000Z,2830.825
323,Average,2025-08-19T06:00:00.000Z,2805.397
324,Average,2025-08-20T06:00:00.000Z,2793.062
325,Average,2025-08-21T06:00:00.000Z,2780.915
326,Average,2025-08-22T06:00:00.000Z,2766.356
327,Average,2025-08-23T06:00:00.000Z,2743.977
328,Average,2025-08-24T06:00:00.000Z,2747.855
329,Average,2025-08-25T06:00:00.000Z,2746.696
330,Average,2025-08-26T06:00:00.000Z,2732.431
331,Average,2025-08-27T06:00:00.000Z,2687.042
332,Average,2025-08-28T06:00:00.000Z,2682.129
333,Average,2025-08-29T06:00:00.000Z,2667.035
334,Average,2025-08-30T06:00:00.000Z,2667.751
335,Average,2025-08-31T06:00:00.000Z,2650.352
336,Average,2025-09-01T06:00:00.000Z,2628.709
337,Average,2025-09-02T06:00:00.000Z,2628.01
338,Average,2025-09-03T06:00:00.000Z,2621.1
339,Average,2025-09-04T06:00:00.000Z,2601.859
340,Average,2025-09-05T06:00:00.000Z,2595.166
341,Average,2025-09-06T06:00:00.000Z,2580.277
342,Average,2025-09-07T06:00:00.000Z,2578.348
343,Average,2025-09-08T06:00:00.000Z,2583.744
344,Average,2025-09-09T06:00:00.000Z,2578.049
345,Average,2025-09-10T06:00:00.000Z,2566.081
346,Average,2025-09-11T06:00:00.000Z,2554.528
347,Average,2025-09-12T06:00:00.000Z,2553.447
348,Average,2025-09-13T06:00:00.000Z,2565.985
349,Average,2025-09-14T06:00:00.000Z,2574.927
350,Average,2025-09-15T06:00:00.000Z,2579.697
351,Average,2025-09-16T06:00:00.000Z,2575.933
352,Average,2025-09-17T06:00:00.000Z,2568.946
353,Average,2025-09-18T06:00:00.000Z,2595.961
354,Average,2025-09-19T06:00:00.000Z,2601.908
355,Average,2025-09-20T06:00:00.000Z,2608.415
356,Average,2025-09-21T06:00:00.000Z,2606.716
357,Average,2025-09-22T06:00:00.000Z,2575.798
358,Average,2025-09-23T06:00:00.000Z,2586.25
359,Average,2025-09-24T06:00:00.000Z,2607.904
360,Average,2025-09-25T06:00:00.000Z,2657.227
361,Average,2025-09-26T06:00:00.000Z,2675.591
362,Average,2025-09-27T06:00:00.000Z,2671.593
363,Average,2025-09-28T06:00:00.000Z,2645.048
364,Average,2025-09-29T06:00:00.000Z,2669.536
365,Average,2025-09-30T06:00:00.000Z,2677.089
